{
  "dataset": "flores",
  "results": [
    {
      "tokenizer": "custom_normal",
      "vocab_size": 64000,
      "num_lines": 997,
      "total_words": 24607,
      "total_chars": 125495,
      "total_bytes": 322640,
      "total_tokens": 31200,
      "fertility": 1.2679318892997928,
      "chars_per_token": 4.022275641025641,
      "bytes_per_token": 10.341025641025642,
      "unk_rate": 0.0,
      "empty_rate": 0.0,
      "continuation_rate": 16.613158857235746,
      "char_coverage": 99.59800859833126,
      "speed_lines_per_sec": 33041.02682234944,
      "speed_chars_per_sec": 4158960.54269884,
      "speed_mb_per_sec": 10.197099873115999,
      "dataset": "flores"
    },
    {
      "tokenizer": "no_acronym_transliteration",
      "vocab_size": 64000,
      "num_lines": 997,
      "total_words": 24607,
      "total_chars": 125495,
      "total_bytes": 322640,
      "total_tokens": 31083,
      "fertility": 1.2631771447149185,
      "chars_per_token": 4.037415950841296,
      "bytes_per_token": 10.379950455232764,
      "unk_rate": 0.0,
      "empty_rate": 0.0,
      "continuation_rate": 16.540008940545373,
      "char_coverage": 99.59800859833126,
      "speed_lines_per_sec": 36335.86158858965,
      "speed_chars_per_sec": 4573690.02012042,
      "speed_mb_per_sec": 11.213949602315099,
      "dataset": "flores"
    },
    {
      "tokenizer": "no_devanagari_cluster",
      "vocab_size": 64000,
      "num_lines": 997,
      "total_words": 24607,
      "total_chars": 125495,
      "total_bytes": 322640,
      "total_tokens": 101158,
      "fertility": 4.110944040313732,
      "chars_per_token": 1.2405840368532395,
      "bytes_per_token": 3.189465983906364,
      "unk_rate": 0.0,
      "empty_rate": 0.0,
      "continuation_rate": 98.73613199496079,
      "char_coverage": 99.59800859833126,
      "speed_lines_per_sec": 19248.08969095584,
      "speed_chars_per_sec": 2422807.4380807457,
      "speed_mb_per_sec": 5.940332726360915,
      "dataset": "flores"
    },
    {
      "tokenizer": "no_encode_cache",
      "vocab_size": 64000,
      "num_lines": 997,
      "total_words": 24607,
      "total_chars": 125495,
      "total_bytes": 322640,
      "total_tokens": 31200,
      "fertility": 1.2679318892997928,
      "chars_per_token": 4.022275641025641,
      "bytes_per_token": 10.341025641025642,
      "unk_rate": 0.0,
      "empty_rate": 0.0,
      "continuation_rate": 16.613158857235746,
      "char_coverage": 99.59800859833126,
      "speed_lines_per_sec": 11069.808504249577,
      "speed_chars_per_sec": 1393385.7755675032,
      "speed_mb_per_sec": 3.4163569885711933,
      "dataset": "flores"
    }
  ]
}